-- --------------------------------------------------------
-- Сервер:                       127.0.0.1
-- Версія сервера:               5.7.10-log - MySQL Community Server (GPL)
-- ОС сервера:                   Win64
-- HeidiSQL Версія:              9.3.0.4984
-- --------------------------------------------------------

/*!40101 SET @OLD_CHARACTER_SET_CLIENT=@@CHARACTER_SET_CLIENT */;
/*!40101 SET NAMES utf8mb4 */;
/*!40014 SET @OLD_FOREIGN_KEY_CHECKS=@@FOREIGN_KEY_CHECKS, FOREIGN_KEY_CHECKS=0 */;
/*!40101 SET @OLD_SQL_MODE=@@SQL_MODE, SQL_MODE='NO_AUTO_VALUE_ON_ZERO' */;

-- Dumping database structure for geekhub
CREATE DATABASE IF NOT EXISTS `geekhub` /*!40100 DEFAULT CHARACTER SET utf8 */;
USE `geekhub`;


-- Dumping structure for таблиця geekhub.booking
CREATE TABLE IF NOT EXISTS `booking` (
  `id` int(11) NOT NULL AUTO_INCREMENT,
  `endDate` date DEFAULT NULL,
  `startDate` date DEFAULT NULL,
  `order_id` int(11) DEFAULT NULL,
  `room_id` int(11) DEFAULT NULL,
  PRIMARY KEY (`id`),
  KEY `FK1393gfyrjh222ux9161c5rvok` (`order_id`),
  KEY `FKowymy55vrygpdnacvnbck2js3` (`room_id`),
  CONSTRAINT `FK1393gfyrjh222ux9161c5rvok` FOREIGN KEY (`order_id`) REFERENCES `ord` (`id`),
  CONSTRAINT `FKowymy55vrygpdnacvnbck2js3` FOREIGN KEY (`room_id`) REFERENCES `room` (`id`)
) ENGINE=InnoDB AUTO_INCREMENT=275 DEFAULT CHARSET=utf8;

-- Dumping data for table geekhub.booking: ~13 rows (приблизно)
/*!40000 ALTER TABLE `booking` DISABLE KEYS */;
INSERT INTO `booking` (`id`, `endDate`, `startDate`, `order_id`, `room_id`) VALUES
	(243, '2016-04-24', '2016-04-01', 91, 3),
	(244, '2016-04-24', '2016-04-01', 91, 4),
	(245, '2016-04-24', '2016-04-01', 91, 25),
	(246, '2016-04-24', '2016-04-01', 91, 26),
	(247, '2016-04-23', '2016-03-31', 92, 27),
	(248, '2016-04-23', '2016-03-31', 92, 295),
	(251, '2016-05-11', '2016-05-01', 109, 175),
	(252, '2016-05-11', '2016-05-01', 109, 179),
	(259, '2016-04-18', '2016-04-17', 114, 165),
	(260, '2016-04-18', '2016-04-17', 115, 313),
	(268, '2016-04-18', '2016-04-17', 120, 175),
	(270, '2016-05-27', '2016-04-29', 122, 165),
	(274, '2016-05-08', '2016-04-30', 126, 1);
/*!40000 ALTER TABLE `booking` ENABLE KEYS */;


-- Dumping structure for таблиця geekhub.city
CREATE TABLE IF NOT EXISTS `city` (
  `id` int(11) NOT NULL AUTO_INCREMENT,
  `name` varchar(255) DEFAULT NULL,
  `country_id` int(11) DEFAULT NULL,
  PRIMARY KEY (`id`),
  KEY `FKlrebnlrl8vmsv1ptjnkl3qm59` (`country_id`),
  CONSTRAINT `FKlrebnlrl8vmsv1ptjnkl3qm59` FOREIGN KEY (`country_id`) REFERENCES `country` (`id`)
) ENGINE=InnoDB AUTO_INCREMENT=24 DEFAULT CHARSET=utf8;

-- Dumping data for table geekhub.city: ~23 rows (приблизно)
/*!40000 ALTER TABLE `city` DISABLE KEYS */;
INSERT INTO `city` (`id`, `name`, `country_id`) VALUES
	(1, 'Kyiv', 1),
	(2, 'Cherkassy', 1),
	(3, 'Doneck', 1),
	(4, 'Moscow', 2),
	(5, 'Piter', 2),
	(6, 'Ryazan', 2),
	(7, 'London', 3),
	(8, 'Bristol', 3),
	(9, 'Horsham', 3),
	(10, 'Washington', 4),
	(11, 'New York', 4),
	(12, 'Denver', 4),
	(13, 'Warsaw', 5),
	(14, 'Krakow', 5),
	(15, 'Lublin', 5),
	(16, 'Berlin', 6),
	(17, 'Hanover', 6),
	(18, 'Harburg', 6),
	(19, 'Milan', 7),
	(20, 'Rome', 7),
	(21, 'Florence', 7),
	(22, 'Poltava', 1),
	(23, 'Magadan', 2);
/*!40000 ALTER TABLE `city` ENABLE KEYS */;


-- Dumping structure for таблиця geekhub.comment
CREATE TABLE IF NOT EXISTS `comment` (
  `id` int(11) NOT NULL AUTO_INCREMENT,
  `comment` varchar(255) DEFAULT NULL,
  `rating` int(11) DEFAULT NULL,
  `hotel_id` int(11) DEFAULT NULL,
  `user_id` int(11) DEFAULT NULL,
  PRIMARY KEY (`id`),
  KEY `FK1v0ydic6s0e1ox93adidb47is` (`hotel_id`),
  KEY `FKhlbnnmiua9xpvfq8y1u1a15ie` (`user_id`),
  CONSTRAINT `FK1v0ydic6s0e1ox93adidb47is` FOREIGN KEY (`hotel_id`) REFERENCES `hotel` (`id`),
  CONSTRAINT `FKhlbnnmiua9xpvfq8y1u1a15ie` FOREIGN KEY (`user_id`) REFERENCES `user` (`id`)
) ENGINE=InnoDB AUTO_INCREMENT=56 DEFAULT CHARSET=utf8;

-- Dumping data for table geekhub.comment: ~53 rows (приблизно)
/*!40000 ALTER TABLE `comment` DISABLE KEYS */;
INSERT INTO `comment` (`id`, `comment`, `rating`, `hotel_id`, `user_id`) VALUES
	(1, 'Good', 2, 1, 3),
	(3, 'Bad', 2, 3, 4),
	(4, 'Great location', 2, 2, 2),
	(6, 'Bad', 4, 1, 4),
	(7, 'Bad', 4, 2, 3),
	(8, 'Fantastic service', 5, 2, 1),
	(9, 'sdfsdf', 5, 2, 2),
	(10, 'very good', 5, 2, 2),
	(11, 'not bad', 5, 2, 2),
	(12, 'Bad', 4, 1, 7),
	(13, 'Bad', 4, 2, 11),
	(14, 'Bad', 4, 1, 12),
	(15, 'Bad', 4, 1, 14),
	(16, 'Bad', 4, 2, 16),
	(17, 'Bad', 4, 1, 3),
	(18, 'Bad', 4, 2, 3),
	(19, 'В отеле есть всё что необходимо, на ресепшене приветливые девушки, есть Огромный бассейн', 5, 1, 4),
	(20, 'Fantastic service', 5, 1, 3),
	(21, 'COOl hotel', 5, 1, 7),
	(22, 'Bad pool', 2, 2, 7),
	(23, 'Great room', 5, 1, 3),
	(24, 'Fantastic service', 5, 1, 3),
	(25, 'Fantastic service', 5, 2, 11),
	(26, 'Fantastic service', 5, 3, 3),
	(27, 'Fantastic service', 5, 4, 3),
	(28, 'Alloha bro!', 5, 1, 11),
	(29, 'z', 5, 1, 3),
	(30, 'a', 5, 1, 3),
	(31, 'a', 5, 1, 3),
	(32, '', 5, 2, 3),
	(33, 'zsfasdf', 5, 2, 3),
	(34, '', 5, 1, 3),
	(35, 'good', 5, 2, 3),
	(36, 'qadsfls,d', 5, 2, 3),
	(37, 'zsdasdf', 5, 2, 3),
	(38, 'asd', 5, 1, 3),
	(39, 'asdasd', 5, 1, 3),
	(40, 'asd', 5, 3, 3),
	(41, 'jknnkj', 5, 1, 3),
	(42, 'My comment', 5, 1, 3),
	(43, 'asdfasd', 5, 1, 3),
	(44, 'asd', 5, 15, 3),
	(45, 'asd', 1, 1, 3),
	(46, 'aaa', 1, 1, 3),
	(47, '', 1, 1, 3),
	(48, 'Best hotel in my life', 5, 1, 3),
	(49, 'Good hotel', 5, 1, 3),
	(50, 'not bed', 5, 1, 3),
	(51, 'best', 5, 2, 3),
	(52, 'good', 5, 15, 3),
	(53, 'not bed', 4, 4, 3),
	(54, 'good services', 4, 25, 3),
	(55, 'aczxc', 5, 17, 34);
/*!40000 ALTER TABLE `comment` ENABLE KEYS */;


-- Dumping structure for таблиця geekhub.convenience
CREATE TABLE IF NOT EXISTS `convenience` (
  `id` int(11) NOT NULL AUTO_INCREMENT,
  `description` varchar(255) DEFAULT NULL,
  PRIMARY KEY (`id`)
) ENGINE=InnoDB AUTO_INCREMENT=11 DEFAULT CHARSET=utf8;

-- Dumping data for table geekhub.convenience: ~10 rows (приблизно)
/*!40000 ALTER TABLE `convenience` DISABLE KEYS */;
INSERT INTO `convenience` (`id`, `description`) VALUES
	(1, 'wi-fi'),
	(2, 'TV'),
	(3, 'pool'),
	(4, 'Transfer'),
	(5, 'Night club'),
	(6, 'all on clusive'),
	(7, 'Breakfast available'),
	(8, 'Health club'),
	(9, 'Full-service spa'),
	(10, 'Conference center');
/*!40000 ALTER TABLE `convenience` ENABLE KEYS */;


-- Dumping structure for таблиця geekhub.country
CREATE TABLE IF NOT EXISTS `country` (
  `id` int(11) NOT NULL AUTO_INCREMENT,
  `name` varchar(255) DEFAULT NULL,
  PRIMARY KEY (`id`)
) ENGINE=InnoDB AUTO_INCREMENT=8 DEFAULT CHARSET=utf8;

-- Dumping data for table geekhub.country: ~7 rows (приблизно)
/*!40000 ALTER TABLE `country` DISABLE KEYS */;
INSERT INTO `country` (`id`, `name`) VALUES
	(1, 'Ukraine'),
	(2, 'Russia'),
	(3, 'UK'),
	(4, 'USA'),
	(5, 'Poland'),
	(6, 'Germany'),
	(7, 'Italy');
/*!40000 ALTER TABLE `country` ENABLE KEYS */;


-- Dumping structure for таблиця geekhub.hotel
CREATE TABLE IF NOT EXISTS `hotel` (
  `id` int(11) NOT NULL AUTO_INCREMENT,
  `description` varchar(255) DEFAULT NULL,
  `name` varchar(255) DEFAULT NULL,
  `rating` double DEFAULT NULL,
  `stars` int(11) DEFAULT NULL,
  `city_id` int(11) DEFAULT NULL,
  `user_id` int(11) DEFAULT NULL,
  `imageLink` varchar(255) DEFAULT NULL,
  PRIMARY KEY (`id`),
  KEY `FKltyrlyd6l1205b5llu7g9aaxk` (`city_id`),
  KEY `FKdt4dmio085ewt44gsdc4oticv` (`user_id`),
  CONSTRAINT `FKdt4dmio085ewt44gsdc4oticv` FOREIGN KEY (`user_id`) REFERENCES `user` (`id`),
  CONSTRAINT `FKltyrlyd6l1205b5llu7g9aaxk` FOREIGN KEY (`city_id`) REFERENCES `city` (`id`)
) ENGINE=InnoDB AUTO_INCREMENT=101 DEFAULT CHARSET=utf8;

-- Dumping data for table geekhub.hotel: ~87 rows (приблизно)
/*!40000 ALTER TABLE `hotel` DISABLE KEYS */;
INSERT INTO `hotel` (`id`, `description`, `name`, `rating`, `stars`, `city_id`, `user_id`, `imageLink`) VALUES
	(1, 'zxczxczxc zxc ', 'Dnipro Plaza', 4.2593, 5, 1, 1, 'http://i.imgur.com/RyrSpztm.jpg'),
	(2, 'asxcasd', 'dnipro', 4.4444, 5, 2, 1, 'http://i.imgur.com/nGiAv3pm.jpg'),
	(3, 'plaza', 'plaza city', 4, 5, 1, 1, 'http://i.imgur.com/nGiAv3pl.jpg'),
	(4, 'ckerkassy', 'ckerkassy', 4, 5, 2, 2, 'http://i.imgur.com/6ztDyEpm.jpg'),
	(5, 'Optima', 'Optima', NULL, 5, 2, 2, 'http://i.imgur.com/nGiAv3pb.jpg'),
	(6, 'Kyiv', 'Kyiv', NULL, 4, 2, 2, 'http://i.imgur.com/nGiAv3pb.jpg'),
	(7, 'qweqewr', 'qwer', NULL, 4, 2, 2, 'http://i.imgur.com/nGiAv3pb.jpg'),
	(8, 'ascz', 'qqqq', NULL, 5, 2, 2, 'http://i.imgur.com/nGiAv3pb.jpg'),
	(9, 'ifgid', 'xcnv', NULL, 5, 3, 2, 'http://i.imgur.com/nGiAv3pb.jpg'),
	(10, 'zxc', 'zxvxvb', NULL, 5, 4, 1, 'http://i.imgur.com/nGiAv3pb.jpg'),
	(11, 'zxvvb', 'xfsdf', NULL, 5, 5, 1, 'http://i.imgur.com/V6rJdQkm.jpg'),
	(12, 'xcn', 'xfg', NULL, 5, 6, 2, 'http://i.imgur.com/7YP21nM.jpg'),
	(13, 'c v', '4w', NULL, 5, 7, 2, 'http://i.imgur.com/7YP21nM.jpg'),
	(15, NULL, 'Ferdinant Plaza', 5, 5, 1, 1, 'http://i.imgur.com/VQ0VCKkm.jpg'),
	(16, NULL, 'Украина', NULL, 3, 1, 1, 'http://i.imgur.com/jhaV7Tz.jpg'),
	(17, NULL, 'plaza', 5, 5, 1, 1, 'http://i.imgur.com/jhaV7Tz.jpg'),
	(18, NULL, 'plaza2', NULL, 4, 1, 1, 'http://i.imgur.com/jhaV7Tz.jpg'),
	(19, NULL, 'Дерибас', NULL, 3, 2, 1, 'http://i.imgur.com/jhaV7Tz.jpg'),
	(20, NULL, 'Джоконда', NULL, 4, 2, 1, 'http://i.imgur.com/jhaV7Tz.jpg'),
	(21, NULL, 'Гагарин', NULL, 2, 2, 1, 'http://i.imgur.com/jhaV7Tz.jpg'),
	(22, NULL, 'Леополис', NULL, 2, 3, 1, 'http://i.imgur.com/jhaV7Tz.jpg'),
	(23, NULL, 'Меркурий', NULL, 3, 3, 1, 'http://i.imgur.com/jhaV7Tz.jpg'),
	(24, NULL, 'Эдем', NULL, 5, 3, 1, 'http://i.imgur.com/jhaV7Tz.jpg'),
	(25, NULL, 'Medici', 4, 3, 4, 1, 'http://i.imgur.com/V6rJdQkm.jpg'),
	(26, NULL, 'Pantheon', NULL, 4, 4, 1, 'http://i.imgur.com/R52YuNTm.jpg'),
	(27, NULL, 'Hassler', NULL, 5, 4, 1, 'http://i.imgur.com/V6rJdQkm.jpg'),
	(28, NULL, 'Ambasciatori', NULL, 4, 5, 1, 'http://i.imgur.com/7YP21nM.jpg'),
	(29, NULL, 'Eurohotel', NULL, 3, 5, 1, 'http://i.imgur.com/V6rJdQkm.jpg'),
	(30, NULL, 'Brianza', NULL, 3, 5, 1, 'http://i.imgur.com/7YP21nM.jpg'),
	(31, NULL, 'Giorgione Hotel', NULL, 4, 6, 1, 'http://i.imgur.com/7YP21nM.jpg'),
	(32, NULL, 'Pantalon', NULL, 3, 6, 1, 'http://i.imgur.com/7YP21nM.jpg'),
	(33, NULL, 'Royal San Marco', NULL, 4, 6, 1, 'http://i.imgur.com/7YP21nM.jpg'),
	(34, NULL, 'Hilton Toronto', NULL, 5, 7, 1, 'http://i.imgur.com/7YP21nM.jpg'),
	(35, NULL, 'Delta Toronto', NULL, 4, 7, 1, 'http://i.imgur.com/7YP21nM.jpg'),
	(36, NULL, 'Bond Place Hotel', NULL, 2, 7, 1, 'http://i.imgur.com/7YP21nM.jpg'),
	(37, NULL, 'Suite Dreams', NULL, 4, 8, 1, 'http://i.imgur.com/7YP21nM.jpg'),
	(38, NULL, 'Loden', NULL, 5, 8, 1, 'http://i.imgur.com/7YP21nM.jpg'),
	(39, NULL, 'Four Seasons', NULL, 5, 8, 1, 'https://i.imgur.com/9g1FN.jpg'),
	(40, NULL, 'Beacon Hill Motel', NULL, 2, 9, 1, 'https://i.imgur.com/9g1FN.jpg'),
	(41, NULL, 'Days Inn', NULL, 3, 9, 1, 'https://i.imgur.com/9g1FN.jpg'),
	(42, NULL, 'Capital Hill Hotel', NULL, 3, 9, 1, 'https://i.imgur.com/9g1FN.jpg'),
	(43, NULL, 'a', NULL, 5, 1, 1, 'http://i.imgur.com/jhaV7Tz.jpg'),
	(44, NULL, 'asd', NULL, 5, 11, 2, 'http://i.imgur.com/jhaV7Tz.jpg'),
	(45, NULL, 'asdasd', NULL, 5, 2, 1, 'http://i.imgur.com/jhaV7Tz.jpg'),
	(46, NULL, 'zxxx', NULL, 5, 10, 1, 'http://i.imgur.com/jhaV7Tz.jpg'),
	(47, NULL, 'cvb', NULL, 5, 3, 1, 'http://i.imgur.com/jhaV7Tz.jpg'),
	(48, NULL, 'zxc', NULL, 5, 9, 1, 'http://i.imgur.com/jhaV7Tz.jpg'),
	(49, NULL, 'azxczxc', NULL, 5, 4, 1, 'http://i.imgur.com/jhaV7Tz.jpg'),
	(50, NULL, 'IMGUR', NULL, 5, 7, 1, 'http://i.imgur.com/S5vsIWQb.jpg'),
	(51, NULL, 'IMGUR2', NULL, 5, 5, 1, 'http://i.imgur.com/nGiAv3pb.jpg'),
	(52, NULL, 'zxczxc', NULL, 5, 8, 1, 'http://i.imgur.com/jhaV7Tz.jpg'),
	(53, NULL, 'IMGUR3JPEG', NULL, 5, 6, 1, 'http://i.imgur.com/WsqfTKUm.jpg'),
	(54, NULL, 'Dog Hotel', NULL, 4, 6, 1, 'http://i.imgur.com/eZMnB4Hm.jpg'),
	(55, NULL, 'ads', NULL, 4, 11, 1, 'http://i.imgur.com/MzpLtUsm.jpg'),
	(56, NULL, 'asd', NULL, 5, 5, 1, 'http://i.imgur.com/pwhRRbvm.jpg'),
	(57, NULL, 'qweqwe', NULL, 5, 8, 1, 'http://i.imgur.com/EsYrACRm.jpg'),
	(58, NULL, 'Monako', NULL, 5, 9, 1, 'http://i.imgur.com/d9sU4c1m.jpg'),
	(59, NULL, 'amster', NULL, 5, 9, 1, 'http://i.imgur.com/JzqReRZm.jpg'),
	(60, NULL, 'aaa', NULL, 5, 1, 1, 'http://i.imgur.com/jhaV7Tz.jpg'),
	(61, NULL, '1111', NULL, 1, 11, 1, 'https://i.imgur.com/9g1FN.jpg'),
	(62, NULL, 'denver', NULL, 5, 12, 1, 'https://i.imgur.com/9g1FN.jpg'),
	(63, NULL, 'Fary Italy', NULL, 5, 20, 19, 'http://i.imgur.com/j3oR9aGm.jpg'),
	(64, NULL, 'Bermingem 2', NULL, 5, 16, 1, 'http://i.imgur.com/RjydOtGm.jpg'),
	(65, NULL, 'Bavaria', NULL, 5, 5, 1, 'http://i.imgur.com/7YP21nM.jpg'),
	(66, NULL, 'Bergoff', NULL, 5, 16, 1, 'http://i.imgur.com/RmcSd4Nm.jpg'),
	(68, NULL, 'asd', NULL, 5, 20, 1, 'https://i.imgur.com/2lxW8ZK.jpg'),
	(69, NULL, 'asd', NULL, 5, 20, 1, 'https://i.imgur.com/2lxW8ZK.jpg'),
	(70, NULL, 'Ads', NULL, 3, 1, 1, 'http://i.imgur.com/jhaV7Tz.jpg'),
	(71, NULL, 'New hotel', NULL, 5, 4, 1, 'http://i.imgur.com/V6rJdQkm.jpg'),
	(72, NULL, 'Abba', NULL, 5, 4, 1, 'http://i.imgur.com/WEgU5HOm.jpg'),
	(73, NULL, 'Denver', NULL, 5, 1, 2, 'http://i.imgur.com/3zPApcVm.jpg'),
	(74, NULL, 'asd', NULL, 2, 2, 1, 'http://i.imgur.com/jhaV7Tz.jpg'),
	(76, NULL, 'Abba', NULL, 2, 4, 1, 'http://i.imgur.com/WCljLLTm.jpg'),
	(77, NULL, 'Abba', NULL, 2, 4, 19, 'http://i.imgur.com/V6rJdQkm.jpg'),
	(78, NULL, 'denver', NULL, 5, 1, 1, 'http://i.imgur.com/jhaV7Tz.jpg'),
	(80, NULL, 'Royal', NULL, 5, 1, 1, 'http://i.imgur.com/yv6YlAMm.jpg'),
	(82, NULL, 'Royal', NULL, 5, 1, 2, 'http://i.imgur.com/nmP0407m.jpg'),
	(83, NULL, 'Royal2', NULL, 5, 1, 1, 'http://i.imgur.com/ztbQbLKm.jpg'),
	(84, NULL, 'Ben Bang', NULL, 5, 10, 1, 'http://i.imgur.com/pf2L2Nlm.jpg'),
	(85, NULL, 'Gen Franco', NULL, 5, 11, 1, 'https://i.imgur.com/9g1FN.jpg'),
	(86, NULL, 'DeJavu', NULL, 1, 10, 1, 'https://i.imgur.com/9g1FN.jpg'),
	(90, NULL, 'Hotest', NULL, 5, 18, 1, 'http://i.imgur.com/ZVHjFQKm.jpg'),
	(96, NULL, 'Pensilvania', NULL, 4, 21, 2, 'https://i.imgur.com/2lxW8ZK.jpg'),
	(97, NULL, 'Pen', NULL, 5, 21, 19, 'http://i.imgur.com/DRH0K9rm.jpg'),
	(98, NULL, 'Golden Ring Hotel', NULL, 3, 22, 2, 'http://i.imgur.com/RZN9r7Zm.jpg'),
	(99, NULL, 'La burguj', NULL, 5, 21, 1, 'http://i.imgur.com/1KynulMm.jpg'),
	(100, NULL, 'Slavutich', NULL, 4, 2, 1, 'http://i.imgur.com/s3SiEt5m.jpg');
/*!40000 ALTER TABLE `hotel` ENABLE KEYS */;


-- Dumping structure for таблиця geekhub.hotels_conveniences
CREATE TABLE IF NOT EXISTS `hotels_conveniences` (
  `hotel_id` int(11) NOT NULL,
  `convenience_id` int(11) NOT NULL,
  KEY `FKruycn3f3ajiawaf3qm75i14tw` (`convenience_id`),
  KEY `FKdphme7vyrbuc7x50b9jjpjere` (`hotel_id`),
  CONSTRAINT `FKdphme7vyrbuc7x50b9jjpjere` FOREIGN KEY (`hotel_id`) REFERENCES `hotel` (`id`),
  CONSTRAINT `FKruycn3f3ajiawaf3qm75i14tw` FOREIGN KEY (`convenience_id`) REFERENCES `convenience` (`id`)
) ENGINE=InnoDB DEFAULT CHARSET=utf8;

-- Dumping data for table geekhub.hotels_conveniences: ~44 rows (приблизно)
/*!40000 ALTER TABLE `hotels_conveniences` DISABLE KEYS */;
INSERT INTO `hotels_conveniences` (`hotel_id`, `convenience_id`) VALUES
	(10, 1),
	(10, 5),
	(10, 9),
	(2, 2),
	(3, 2),
	(4, 2),
	(5, 2),
	(6, 2),
	(7, 2),
	(8, 2),
	(9, 2),
	(10, 2),
	(12, 2),
	(11, 2),
	(13, 2),
	(23, 2),
	(15, 2),
	(16, 2),
	(17, 2),
	(18, 2),
	(19, 2),
	(20, 2),
	(22, 2),
	(21, 2),
	(24, 2),
	(25, 2),
	(26, 9),
	(27, 7),
	(28, 6),
	(29, 1),
	(30, 5),
	(32, 5),
	(31, 4),
	(33, 3),
	(1, 1),
	(1, 2),
	(1, 3),
	(1, 4),
	(1, 5),
	(1, 6),
	(1, 7),
	(1, 8),
	(1, 9),
	(1, 10);
/*!40000 ALTER TABLE `hotels_conveniences` ENABLE KEYS */;


-- Dumping structure for таблиця geekhub.ord
CREATE TABLE IF NOT EXISTS `ord` (
  `id` int(11) NOT NULL AUTO_INCREMENT,
  `creationTime` datetime DEFAULT NULL,
  `status` varchar(255) DEFAULT NULL,
  `user_id` int(11) DEFAULT NULL,
  `commented` bit(1) DEFAULT NULL,
  `price` double DEFAULT NULL,
  `hotel_id` int(11) DEFAULT NULL,
  PRIMARY KEY (`id`),
  KEY `FK3ly9e6ho02pqjb6sxp1afm72p` (`user_id`),
  KEY `FKdoubi9uafsey1p1pl4s5mv3pt` (`hotel_id`),
  CONSTRAINT `FK3ly9e6ho02pqjb6sxp1afm72p` FOREIGN KEY (`user_id`) REFERENCES `user` (`id`),
  CONSTRAINT `FKdoubi9uafsey1p1pl4s5mv3pt` FOREIGN KEY (`hotel_id`) REFERENCES `hotel` (`id`)
) ENGINE=InnoDB AUTO_INCREMENT=127 DEFAULT CHARSET=utf8;

-- Dumping data for table geekhub.ord: ~19 rows (приблизно)
/*!40000 ALTER TABLE `ord` DISABLE KEYS */;
INSERT INTO `ord` (`id`, `creationTime`, `status`, `user_id`, `commented`, `price`, `hotel_id`) VALUES
	(79, '2016-03-25 23:09:04', 'Confirmed', 3, b'0', 456, 1),
	(80, '2016-03-25 23:41:41', 'Confirmed', 3, b'0', 793, 3),
	(81, '2016-03-26 00:18:19', 'Confirmed', 3, b'0', 1286, 1),
	(82, '2016-03-26 00:20:20', 'Confirmed', 3, b'0', 670, 15),
	(91, '2016-03-27 23:02:15', 'Confirmed', 3, b'1', 10258, 1),
	(92, '2016-03-28 01:16:49', 'Confirmed', 3, b'1', 4278, 1),
	(93, '2016-03-30 12:31:04', 'Confirmed', 3, b'1', 1206, 1),
	(95, '2016-03-30 13:38:18', 'Confirmed', 3, b'1', 749, 1),
	(98, '2016-04-02 16:04:29', 'Confirmed', 3, b'1', 100, 4),
	(99, '2016-04-03 01:10:05', 'Confirmed', 3, b'1', 123, 2),
	(101, '2016-04-03 01:26:07', 'Confirmed', 3, b'1', 100, 15),
	(105, '2016-04-05 16:46:23', 'Confirmed', 3, b'1', 200, 25),
	(106, '2016-04-06 14:44:37', 'Confirmed', 3, b'0', 200, 3),
	(109, '2016-04-13 18:53:24', 'Confirmed', 21, b'0', 2350, 16),
	(114, '2016-04-17 22:25:50', 'Confirmed', 32, b'0', 100, 15),
	(115, '2016-04-17 22:28:59', 'Confirmed', 34, b'1', 200, 17),
	(120, '2016-04-17 23:07:58', 'Confirmed', 35, b'0', 100, 16),
	(122, '2016-04-17 23:13:36', 'Confirmed', 36, b'0', 2800, 15),
	(126, '2016-04-17 23:25:24', 'Confirmed', 36, b'0', 880, 1);
/*!40000 ALTER TABLE `ord` ENABLE KEYS */;


-- Dumping structure for таблиця geekhub.room
CREATE TABLE IF NOT EXISTS `room` (
  `id` int(11) NOT NULL AUTO_INCREMENT,
  `description` varchar(255) DEFAULT NULL,
  `number` int(11) DEFAULT NULL,
  `price` int(11) DEFAULT NULL,
  `seats` int(11) DEFAULT NULL,
  `type` varchar(255) DEFAULT NULL,
  `hotel_id` int(11) DEFAULT NULL,
  `locked` tinyint(1) NOT NULL DEFAULT '0',
  `imageLink` varchar(255) DEFAULT NULL,
  PRIMARY KEY (`id`),
  KEY `FK2ytua4fdw8ibyyn44ar9txtku` (`hotel_id`),
  CONSTRAINT `FK2ytua4fdw8ibyyn44ar9txtku` FOREIGN KEY (`hotel_id`) REFERENCES `hotel` (`id`)
) ENGINE=InnoDB AUTO_INCREMENT=338 DEFAULT CHARSET=utf8;

-- Dumping data for table geekhub.room: ~313 rows (приблизно)
/*!40000 ALTER TABLE `room` DISABLE KEYS */;
INSERT INTO `room` (`id`, `description`, `number`, `price`, `seats`, `type`, `hotel_id`, `locked`, `imageLink`) VALUES
	(1, 'Wi-Fi, mini bar', 3, 110, 2, 'Econom', 1, 0, 'http://i.imgur.com/HD9MRU3m.jpg'),
	(2, 'asdfcxv', 5, 12, 4, 'Econom', 1, 0, 'http://i.imgur.com/Fn5NF9ym.jpg'),
	(3, 'asdfcxv', 6, 123, 2, 'Econom', 1, 0, 'http://i.imgur.com/x5gMGzCm.jpg'),
	(4, 'asdfcxv', 7, 123, 2, 'Econom', 1, 0, 'http://i.imgur.com/x5gMGzCm.jpg'),
	(5, 'asdfcxv', 8, 123, 3, 'Econom', 1, 0, 'http://i.imgur.com/x5gMGzCm.jpg'),
	(7, 'asdfcxv', 10, 123, 3, 'Econom', 1, 0, 'http://i.imgur.com/x5gMGzCm.jpg'),
	(8, 'asdfcxv', 11, 123, 3, 'Econom', 1, 0, 'http://i.imgur.com/x5gMGzCm.jpg'),
	(9, 'asdfcxv', 12, 123, 2, 'Econom', 2, 0, 'http://i.imgur.com/x5gMGzCm.jpg'),
	(10, 'asdfcxv', 5, 123, 2, 'Econom', 2, 0, 'http://i.imgur.com/x5gMGzCm.jpg'),
	(11, 'asdfcxv', 15, 123, 1, 'Econom', 2, 0, 'http://i.imgur.com/x5gMGzCm.jpg'),
	(12, 'asdfcxv', 17, 123, 1, 'Econom', 2, 0, 'http://i.imgur.com/x5gMGzCm.jpg'),
	(13, 'asdfcxv', 16, 123, 3, 'Econom', 2, 0, 'http://i.imgur.com/x5gMGzCm.jpg'),
	(14, 'asdfcxv', 18, 123, 3, 'Econom', 2, 0, 'http://i.imgur.com/x5gMGzCm.jpg'),
	(15, 'asdfcxv', 19, 123, 3, 'Econom', 2, 0, 'http://i.imgur.com/x5gMGzCm.jpg'),
	(16, 'asdfcxv', 20, 123, 3, 'Econom', 2, 0, 'http://i.imgur.com/x5gMGzCm.jpg'),
	(17, 'asdfcxv', 5, 123, 1, 'Econom', 3, 0, 'http://i.imgur.com/x5gMGzCm.jpg'),
	(18, 'asdfcxv', 5, 123, 2, 'Econom', 5, 0, 'http://i.imgur.com/x5gMGzCm.jpg'),
	(19, 'asdfcxv', 5, 123, 3, 'Econom', 7, 0, 'http://i.imgur.com/x5gMGzCm.jpg'),
	(20, 'asdfcxv', 14, 123, 3, 'Econom', 7, 0, 'http://i.imgur.com/x5gMGzCm.jpg'),
	(21, 'zxc', 11, 32, 3, 'Econom', 7, 0, 'http://i.imgur.com/x5gMGzCm.jpg'),
	(22, 'zdz', 3, 444, 3, 'Luxury', 6, 0, 'http://i.imgur.com/x5gMGzCm.jpg'),
	(23, 'asd', 4, 444, 1, 'Luxury', 7, 0, 'http://i.imgur.com/x5gMGzCm.jpg'),
	(24, 'sdf', 12, 444, 1, 'Luxury', 7, 0, 'http://i.imgur.com/x5gMGzCm.jpg'),
	(25, NULL, 1, 100, 2, 'Econom', 1, 0, 'http://i.imgur.com/x5gMGzCm.jpg'),
	(26, NULL, 2, 100, 2, 'Econom', 1, 0, 'http://i.imgur.com/x5gMGzCm.jpg'),
	(27, NULL, 20, 100, 2, 'Econom', 1, 0, 'http://i.imgur.com/x5gMGzCm.jpg'),
	(34, NULL, 24, 400, 5, 'Luxury', 1, 0, 'http://i.imgur.com/x5gMGzCm.jpg'),
	(35, NULL, 1, 100, 2, 'Econom', 2, 0, 'http://i.imgur.com/x5gMGzCm.jpg'),
	(36, NULL, 2, 100, 2, 'Econom', 2, 0, 'http://i.imgur.com/x5gMGzCm.jpg'),
	(37, NULL, 3, 100, 2, 'Econom', 2, 0, 'http://i.imgur.com/x5gMGzCm.jpg'),
	(38, NULL, 4, 100, 2, 'Econom', 2, 0, 'http://i.imgur.com/x5gMGzCm.jpg'),
	(39, NULL, 21, 135, 3, 'Econom', 2, 0, 'http://i.imgur.com/x5gMGzCm.jpg'),
	(40, NULL, 6, 135, 3, 'Econom', 2, 0, 'http://i.imgur.com/x5gMGzCm.jpg'),
	(41, NULL, 7, 210, 4, 'Econom', 2, 0, 'http://i.imgur.com/x5gMGzCm.jpg'),
	(42, NULL, 8, 210, 4, 'Econom', 2, 0, 'http://i.imgur.com/x5gMGzCm.jpg'),
	(43, NULL, 9, 450, 6, 'Luxury', 2, 0, 'http://i.imgur.com/x5gMGzCm.jpg'),
	(44, NULL, 10, 400, 5, 'Luxury', 2, 0, 'http://i.imgur.com/x5gMGzCm.jpg'),
	(45, NULL, 1, 100, 2, 'Econom', 3, 0, 'http://i.imgur.com/x5gMGzCm.jpg'),
	(46, NULL, 2, 100, 2, 'Econom', 3, 0, 'http://i.imgur.com/x5gMGzCm.jpg'),
	(47, NULL, 3, 100, 2, 'Econom', 3, 0, 'http://i.imgur.com/x5gMGzCm.jpg'),
	(48, NULL, 4, 100, 2, 'Econom', 3, 0, 'http://i.imgur.com/x5gMGzCm.jpg'),
	(49, NULL, 13, 135, 3, 'Econom', 3, 0, 'http://i.imgur.com/x5gMGzCm.jpg'),
	(50, NULL, 6, 135, 3, 'Econom', 3, 0, 'http://i.imgur.com/x5gMGzCm.jpg'),
	(55, 'very nice room', 1, 100, 2, 'Econom', 4, 0, 'http://i.imgur.com/RlVDaZjm.jpg'),
	(57, NULL, 3, 100, 2, 'Econom', 4, 0, 'http://i.imgur.com/x5gMGzCm.jpg'),
	(59, NULL, 5, 135, 3, 'Econom', 4, 0, 'http://i.imgur.com/x5gMGzCm.jpg'),
	(61, NULL, 7, 210, 4, 'Econom', 4, 0, 'http://i.imgur.com/x5gMGzCm.jpg'),
	(62, NULL, 8, 210, 4, 'Econom', 4, 0, 'http://i.imgur.com/x5gMGzCm.jpg'),
	(63, NULL, 9, 450, 6, 'Luxury', 4, 0, 'http://i.imgur.com/x5gMGzCm.jpg'),
	(64, NULL, 10, 400, 5, 'Luxury', 4, 0, 'http://i.imgur.com/x5gMGzCm.jpg'),
	(65, NULL, 1, 100, 2, 'Econom', 5, 0, 'http://i.imgur.com/x5gMGzCm.jpg'),
	(66, NULL, 2, 100, 2, 'Econom', 5, 0, 'http://i.imgur.com/x5gMGzCm.jpg'),
	(67, NULL, 3, 100, 2, 'Econom', 5, 0, 'http://i.imgur.com/x5gMGzCm.jpg'),
	(68, NULL, 4, 100, 2, 'Econom', 5, 0, 'http://i.imgur.com/x5gMGzCm.jpg'),
	(69, NULL, 5, 135, 3, 'Econom', 5, 0, 'http://i.imgur.com/x5gMGzCm.jpg'),
	(70, NULL, 6, 135, 3, 'Econom', 5, 0, 'http://i.imgur.com/x5gMGzCm.jpg'),
	(71, NULL, 7, 210, 4, 'Econom', 5, 0, 'http://i.imgur.com/x5gMGzCm.jpg'),
	(72, NULL, 8, 210, 4, 'Econom', 5, 0, 'http://i.imgur.com/x5gMGzCm.jpg'),
	(73, NULL, 9, 450, 6, 'Luxury', 5, 0, 'http://i.imgur.com/x5gMGzCm.jpg'),
	(74, NULL, 10, 400, 5, 'Luxury', 5, 0, 'http://i.imgur.com/x5gMGzCm.jpg'),
	(75, NULL, 1, 100, 2, 'Econom', 6, 0, 'http://i.imgur.com/x5gMGzCm.jpg'),
	(76, NULL, 2, 100, 2, 'Econom', 6, 0, 'http://i.imgur.com/x5gMGzCm.jpg'),
	(77, NULL, 11, 100, 2, 'Econom', 6, 0, 'http://i.imgur.com/x5gMGzCm.jpg'),
	(78, NULL, 4, 100, 2, 'Econom', 6, 0, 'http://i.imgur.com/x5gMGzCm.jpg'),
	(79, NULL, 5, 135, 3, 'Econom', 6, 0, 'http://i.imgur.com/x5gMGzCm.jpg'),
	(80, NULL, 6, 135, 3, 'Econom', 6, 0, 'http://i.imgur.com/x5gMGzCm.jpg'),
	(81, NULL, 7, 210, 4, 'Econom', 6, 0, 'http://i.imgur.com/x5gMGzCm.jpg'),
	(82, NULL, 8, 210, 4, 'Econom', 6, 0, 'http://i.imgur.com/x5gMGzCm.jpg'),
	(83, NULL, 9, 450, 6, 'Luxury', 6, 0, 'http://i.imgur.com/x5gMGzCm.jpg'),
	(84, NULL, 10, 400, 5, 'Luxury', 6, 0, 'http://i.imgur.com/x5gMGzCm.jpg'),
	(85, NULL, 1, 100, 2, 'Econom', 7, 0, 'http://i.imgur.com/x5gMGzCm.jpg'),
	(86, NULL, 2, 100, 2, 'Econom', 7, 0, 'http://i.imgur.com/x5gMGzCm.jpg'),
	(87, NULL, 3, 100, 2, 'Econom', 7, 0, 'http://i.imgur.com/x5gMGzCm.jpg'),
	(88, NULL, 13, 100, 2, 'Econom', 7, 0, 'http://i.imgur.com/x5gMGzCm.jpg'),
	(89, NULL, 5, 135, 3, 'Econom', 7, 0, 'http://i.imgur.com/x5gMGzCm.jpg'),
	(90, NULL, 6, 135, 3, 'Econom', 7, 0, 'http://i.imgur.com/x5gMGzCm.jpg'),
	(91, NULL, 7, 210, 4, 'Econom', 7, 0, 'http://i.imgur.com/x5gMGzCm.jpg'),
	(92, NULL, 8, 210, 4, 'Econom', 7, 0, 'http://i.imgur.com/x5gMGzCm.jpg'),
	(93, NULL, 9, 450, 6, 'Luxury', 7, 0, 'http://i.imgur.com/x5gMGzCm.jpg'),
	(94, NULL, 10, 400, 5, 'Luxury', 7, 0, 'http://i.imgur.com/x5gMGzCm.jpg'),
	(95, NULL, 1, 100, 2, 'Econom', 8, 0, 'http://i.imgur.com/x5gMGzCm.jpg'),
	(96, NULL, 2, 100, 2, 'Econom', 8, 0, 'http://i.imgur.com/x5gMGzCm.jpg'),
	(97, NULL, 3, 100, 2, 'Econom', 8, 0, 'http://i.imgur.com/x5gMGzCm.jpg'),
	(98, NULL, 4, 100, 2, 'Econom', 8, 0, 'http://i.imgur.com/x5gMGzCm.jpg'),
	(99, NULL, 5, 135, 3, 'Econom', 8, 0, 'http://i.imgur.com/x5gMGzCm.jpg'),
	(100, NULL, 6, 135, 3, 'Econom', 8, 0, 'http://i.imgur.com/x5gMGzCm.jpg'),
	(101, NULL, 7, 210, 4, 'Econom', 8, 0, 'http://i.imgur.com/x5gMGzCm.jpg'),
	(102, NULL, 8, 210, 4, 'Econom', 8, 0, 'http://i.imgur.com/x5gMGzCm.jpg'),
	(103, NULL, 9, 450, 6, 'Luxury', 8, 0, 'http://i.imgur.com/x5gMGzCm.jpg'),
	(104, NULL, 10, 400, 5, 'Luxury', 8, 0, 'http://i.imgur.com/x5gMGzCm.jpg'),
	(105, NULL, 1, 100, 2, 'Econom', 9, 0, 'http://i.imgur.com/x5gMGzCm.jpg'),
	(106, NULL, 2, 100, 2, 'Econom', 9, 0, 'http://i.imgur.com/x5gMGzCm.jpg'),
	(107, NULL, 3, 100, 2, 'Econom', 9, 0, 'http://i.imgur.com/x5gMGzCm.jpg'),
	(108, NULL, 4, 100, 2, 'Econom', 9, 0, 'http://i.imgur.com/x5gMGzCm.jpg'),
	(109, NULL, 5, 135, 3, 'Econom', 9, 0, 'http://i.imgur.com/x5gMGzCm.jpg'),
	(110, NULL, 6, 135, 3, 'Econom', 9, 0, 'http://i.imgur.com/x5gMGzCm.jpg'),
	(111, NULL, 7, 210, 4, 'Econom', 9, 0, 'http://i.imgur.com/x5gMGzCm.jpg'),
	(112, NULL, 8, 210, 4, 'Econom', 9, 0, 'http://i.imgur.com/x5gMGzCm.jpg'),
	(113, NULL, 9, 450, 6, 'Luxury', 9, 0, 'http://i.imgur.com/x5gMGzCm.jpg'),
	(114, NULL, 10, 400, 5, 'Luxury', 9, 0, 'http://i.imgur.com/x5gMGzCm.jpg'),
	(115, NULL, 1, 100, 2, 'Econom', 10, 0, 'http://i.imgur.com/x5gMGzCm.jpg'),
	(116, NULL, 2, 100, 2, 'Econom', 10, 0, 'http://i.imgur.com/x5gMGzCm.jpg'),
	(117, NULL, 3, 100, 2, 'Econom', 10, 0, 'http://i.imgur.com/x5gMGzCm.jpg'),
	(118, NULL, 4, 100, 2, 'Econom', 10, 0, 'http://i.imgur.com/x5gMGzCm.jpg'),
	(119, NULL, 5, 135, 3, 'Econom', 10, 0, 'http://i.imgur.com/x5gMGzCm.jpg'),
	(120, NULL, 6, 135, 3, 'Econom', 10, 0, 'http://i.imgur.com/x5gMGzCm.jpg'),
	(121, NULL, 7, 210, 4, 'Econom', 10, 0, 'http://i.imgur.com/x5gMGzCm.jpg'),
	(122, NULL, 8, 210, 4, 'Econom', 10, 0, 'http://i.imgur.com/x5gMGzCm.jpg'),
	(123, NULL, 9, 450, 6, 'Luxury', 10, 0, 'http://i.imgur.com/x5gMGzCm.jpg'),
	(124, NULL, 10, 400, 5, 'Luxury', 10, 0, 'http://i.imgur.com/x5gMGzCm.jpg'),
	(125, NULL, 1, 100, 2, 'Econom', 11, 0, 'http://i.imgur.com/x5gMGzCm.jpg'),
	(126, NULL, 2, 100, 2, 'Econom', 11, 0, 'http://i.imgur.com/x5gMGzCm.jpg'),
	(127, NULL, 3, 100, 2, 'Econom', 11, 0, 'http://i.imgur.com/x5gMGzCm.jpg'),
	(128, NULL, 4, 100, 2, 'Econom', 11, 0, 'http://i.imgur.com/x5gMGzCm.jpg'),
	(129, NULL, 5, 135, 3, 'Econom', 11, 0, 'http://i.imgur.com/x5gMGzCm.jpg'),
	(130, NULL, 6, 135, 3, 'Econom', 11, 0, 'http://i.imgur.com/x5gMGzCm.jpg'),
	(131, NULL, 7, 210, 4, 'Econom', 11, 0, 'http://i.imgur.com/x5gMGzCm.jpg'),
	(132, NULL, 8, 210, 4, 'Econom', 11, 0, 'http://i.imgur.com/x5gMGzCm.jpg'),
	(133, NULL, 9, 450, 6, 'Luxury', 11, 0, 'http://i.imgur.com/x5gMGzCm.jpg'),
	(134, NULL, 10, 400, 5, 'Luxury', 11, 0, 'http://i.imgur.com/x5gMGzCm.jpg'),
	(135, NULL, 1, 100, 2, 'Econom', 12, 0, 'http://i.imgur.com/x5gMGzCm.jpg'),
	(136, NULL, 2, 100, 2, 'Econom', 12, 0, 'http://i.imgur.com/x5gMGzCm.jpg'),
	(137, NULL, 3, 100, 2, 'Econom', 12, 0, 'http://i.imgur.com/x5gMGzCm.jpg'),
	(138, NULL, 4, 100, 2, 'Econom', 12, 0, 'http://i.imgur.com/x5gMGzCm.jpg'),
	(139, NULL, 5, 135, 3, 'Econom', 12, 0, 'http://i.imgur.com/x5gMGzCm.jpg'),
	(140, NULL, 6, 135, 3, 'Econom', 12, 0, 'http://i.imgur.com/x5gMGzCm.jpg'),
	(141, NULL, 7, 210, 4, 'Econom', 12, 0, 'http://i.imgur.com/x5gMGzCm.jpg'),
	(142, NULL, 8, 210, 4, 'Econom', 12, 0, 'http://i.imgur.com/x5gMGzCm.jpg'),
	(143, NULL, 9, 450, 6, 'Luxury', 12, 0, 'http://i.imgur.com/x5gMGzCm.jpg'),
	(144, NULL, 10, 400, 5, 'Luxury', 12, 0, 'http://i.imgur.com/x5gMGzCm.jpg'),
	(145, NULL, 1, 100, 2, 'Econom', 13, 0, 'http://i.imgur.com/x5gMGzCm.jpg'),
	(146, NULL, 2, 100, 2, 'Econom', 13, 0, 'http://i.imgur.com/x5gMGzCm.jpg'),
	(147, NULL, 3, 100, 2, 'Econom', 13, 0, 'http://i.imgur.com/x5gMGzCm.jpg'),
	(148, NULL, 4, 100, 2, 'Econom', 13, 0, 'http://i.imgur.com/x5gMGzCm.jpg'),
	(149, NULL, 5, 135, 3, 'Econom', 13, 0, 'http://i.imgur.com/x5gMGzCm.jpg'),
	(150, NULL, 6, 135, 3, 'Econom', 13, 0, 'http://i.imgur.com/x5gMGzCm.jpg'),
	(151, NULL, 7, 210, 4, 'Econom', 13, 0, 'http://i.imgur.com/x5gMGzCm.jpg'),
	(152, NULL, 8, 210, 4, 'Econom', 13, 0, 'http://i.imgur.com/x5gMGzCm.jpg'),
	(153, NULL, 9, 450, 6, 'Luxury', 13, 0, 'http://i.imgur.com/x5gMGzCm.jpg'),
	(154, NULL, 10, 400, 5, 'Luxury', 13, 0, 'http://i.imgur.com/x5gMGzCm.jpg'),
	(165, 'very beautiful room', 1, 100, 2, 'Econom', 15, 0, 'http://i.imgur.com/kfdLoZ5m.jpg'),
	(166, '1 Queen Bed', 2, 88, 2, 'Econom', 15, 0, 'http://i.imgur.com/MjIKQ8Im.jpg'),
	(167, NULL, 3, 100, 2, 'Econom', 15, 0, 'http://i.imgur.com/x5gMGzCm.jpg'),
	(168, NULL, 4, 100, 2, 'Econom', 15, 0, 'http://i.imgur.com/x5gMGzCm.jpg'),
	(169, NULL, 5, 135, 3, 'Econom', 15, 0, 'http://i.imgur.com/x5gMGzCm.jpg'),
	(170, NULL, 6, 135, 3, 'Econom', 15, 0, 'http://i.imgur.com/x5gMGzCm.jpg'),
	(171, NULL, 7, 210, 4, 'Econom', 15, 0, 'http://i.imgur.com/x5gMGzCm.jpg'),
	(172, NULL, 8, 210, 4, 'Econom', 15, 0, 'http://i.imgur.com/x5gMGzCm.jpg'),
	(173, NULL, 9, 450, 6, 'Luxury', 15, 0, 'http://i.imgur.com/x5gMGzCm.jpg'),
	(174, NULL, 10, 400, 5, 'Luxury', 15, 0, 'http://i.imgur.com/x5gMGzCm.jpg'),
	(175, NULL, 1, 100, 2, 'Econom', 16, 0, 'http://i.imgur.com/x5gMGzCm.jpg'),
	(176, NULL, 2, 100, 2, 'Econom', 16, 0, 'http://i.imgur.com/x5gMGzCm.jpg'),
	(177, NULL, 3, 100, 2, 'Econom', 16, 0, 'http://i.imgur.com/x5gMGzCm.jpg'),
	(178, NULL, 4, 100, 2, 'Econom', 16, 0, 'http://i.imgur.com/x5gMGzCm.jpg'),
	(179, NULL, 5, 135, 3, 'Econom', 16, 0, 'http://i.imgur.com/x5gMGzCm.jpg'),
	(180, NULL, 6, 135, 3, 'Econom', 16, 0, 'http://i.imgur.com/x5gMGzCm.jpg'),
	(181, NULL, 7, 210, 4, 'Econom', 16, 0, 'http://i.imgur.com/x5gMGzCm.jpg'),
	(182, NULL, 8, 210, 4, 'Econom', 16, 0, 'http://i.imgur.com/x5gMGzCm.jpg'),
	(183, NULL, 9, 450, 6, 'Luxury', 16, 0, 'http://i.imgur.com/x5gMGzCm.jpg'),
	(184, NULL, 10, 400, 5, 'Luxury', 16, 0, 'http://i.imgur.com/x5gMGzCm.jpg'),
	(185, 'good', 1, 100, 2, 'Econom', 17, 0, 'http://i.imgur.com/VsButFNm.jpg'),
	(186, NULL, 2, 100, 2, 'Econom', 17, 0, 'http://i.imgur.com/x5gMGzCm.jpg'),
	(187, NULL, 3, 100, 2, 'Econom', 17, 0, 'http://i.imgur.com/x5gMGzCm.jpg'),
	(188, NULL, 4, 100, 2, 'Econom', 17, 0, 'http://i.imgur.com/x5gMGzCm.jpg'),
	(189, NULL, 5, 135, 3, 'Econom', 17, 0, 'http://i.imgur.com/x5gMGzCm.jpg'),
	(190, NULL, 6, 135, 3, 'Econom', 17, 0, 'http://i.imgur.com/x5gMGzCm.jpg'),
	(191, NULL, 7, 210, 4, 'Econom', 17, 0, 'http://i.imgur.com/x5gMGzCm.jpg'),
	(192, NULL, 8, 210, 4, 'Econom', 17, 0, 'http://i.imgur.com/x5gMGzCm.jpg'),
	(193, NULL, 9, 450, 6, 'Luxury', 17, 0, 'http://i.imgur.com/x5gMGzCm.jpg'),
	(194, NULL, 10, 400, 5, 'Luxury', 17, 0, 'http://i.imgur.com/x5gMGzCm.jpg'),
	(195, NULL, 1, 100, 2, 'Econom', 18, 0, 'http://i.imgur.com/x5gMGzCm.jpg'),
	(196, NULL, 2, 100, 2, 'Econom', 18, 0, 'http://i.imgur.com/x5gMGzCm.jpg'),
	(197, NULL, 3, 100, 2, 'Econom', 18, 0, 'http://i.imgur.com/x5gMGzCm.jpg'),
	(198, NULL, 4, 100, 2, 'Econom', 18, 0, 'http://i.imgur.com/x5gMGzCm.jpg'),
	(199, NULL, 5, 135, 3, 'Econom', 18, 0, 'http://i.imgur.com/x5gMGzCm.jpg'),
	(200, NULL, 6, 135, 3, 'Econom', 18, 0, 'http://i.imgur.com/x5gMGzCm.jpg'),
	(201, NULL, 7, 210, 4, 'Econom', 18, 0, 'http://i.imgur.com/x5gMGzCm.jpg'),
	(202, NULL, 8, 210, 4, 'Econom', 18, 0, 'http://i.imgur.com/x5gMGzCm.jpg'),
	(203, NULL, 9, 450, 6, 'Luxury', 18, 0, 'http://i.imgur.com/x5gMGzCm.jpg'),
	(204, NULL, 10, 400, 5, 'Luxury', 18, 0, 'http://i.imgur.com/x5gMGzCm.jpg'),
	(205, NULL, 1, 100, 2, 'Econom', 19, 0, 'http://i.imgur.com/x5gMGzCm.jpg'),
	(206, NULL, 2, 100, 2, 'Econom', 19, 0, 'http://i.imgur.com/x5gMGzCm.jpg'),
	(207, NULL, 3, 100, 2, 'Econom', 19, 0, 'http://i.imgur.com/x5gMGzCm.jpg'),
	(208, NULL, 4, 100, 2, 'Econom', 19, 0, 'http://i.imgur.com/x5gMGzCm.jpg'),
	(209, NULL, 5, 135, 3, 'Econom', 19, 0, 'http://i.imgur.com/x5gMGzCm.jpg'),
	(210, NULL, 6, 135, 3, 'Econom', 19, 0, 'http://i.imgur.com/x5gMGzCm.jpg'),
	(211, NULL, 7, 210, 4, 'Econom', 19, 0, 'http://i.imgur.com/x5gMGzCm.jpg'),
	(212, NULL, 8, 210, 4, 'Econom', 19, 0, 'http://i.imgur.com/x5gMGzCm.jpg'),
	(213, NULL, 9, 450, 6, 'Luxury', 19, 0, 'http://i.imgur.com/x5gMGzCm.jpg'),
	(214, NULL, 10, 400, 5, 'Luxury', 19, 0, 'http://i.imgur.com/x5gMGzCm.jpg'),
	(215, NULL, 1, 100, 2, 'Econom', 20, 0, 'http://i.imgur.com/x5gMGzCm.jpg'),
	(216, NULL, 2, 100, 2, 'Econom', 20, 0, 'http://i.imgur.com/x5gMGzCm.jpg'),
	(217, NULL, 3, 100, 2, 'Econom', 20, 0, 'http://i.imgur.com/x5gMGzCm.jpg'),
	(218, NULL, 4, 100, 2, 'Econom', 20, 0, 'http://i.imgur.com/x5gMGzCm.jpg'),
	(219, NULL, 5, 135, 3, 'Econom', 20, 0, 'http://i.imgur.com/x5gMGzCm.jpg'),
	(220, NULL, 6, 135, 3, 'Econom', 20, 0, 'http://i.imgur.com/x5gMGzCm.jpg'),
	(221, NULL, 7, 210, 4, 'Econom', 20, 0, 'http://i.imgur.com/x5gMGzCm.jpg'),
	(222, NULL, 8, 210, 4, 'Econom', 20, 0, 'http://i.imgur.com/x5gMGzCm.jpg'),
	(223, NULL, 9, 450, 6, 'Luxury', 20, 0, 'http://i.imgur.com/x5gMGzCm.jpg'),
	(224, NULL, 10, 400, 5, 'Luxury', 20, 0, 'http://i.imgur.com/x5gMGzCm.jpg'),
	(225, NULL, 1, 100, 2, 'Econom', 21, 0, 'http://i.imgur.com/x5gMGzCm.jpg'),
	(226, NULL, 2, 100, 2, 'Econom', 21, 0, 'http://i.imgur.com/x5gMGzCm.jpg'),
	(227, NULL, 3, 100, 2, 'Econom', 21, 0, 'http://i.imgur.com/x5gMGzCm.jpg'),
	(228, NULL, 4, 100, 2, 'Econom', 21, 0, 'http://i.imgur.com/x5gMGzCm.jpg'),
	(229, NULL, 5, 135, 3, 'Econom', 21, 0, 'http://i.imgur.com/x5gMGzCm.jpg'),
	(230, NULL, 6, 135, 3, 'Econom', 21, 0, 'http://i.imgur.com/x5gMGzCm.jpg'),
	(231, NULL, 7, 210, 4, 'Econom', 21, 0, 'http://i.imgur.com/x5gMGzCm.jpg'),
	(232, NULL, 8, 210, 4, 'Econom', 21, 0, 'http://i.imgur.com/x5gMGzCm.jpg'),
	(233, NULL, 9, 450, 6, 'Luxury', 21, 0, 'http://i.imgur.com/x5gMGzCm.jpg'),
	(234, NULL, 10, 400, 5, 'Luxury', 21, 0, 'http://i.imgur.com/x5gMGzCm.jpg'),
	(235, NULL, 1, 100, 2, 'Econom', 22, 0, 'http://i.imgur.com/x5gMGzCm.jpg'),
	(236, NULL, 2, 100, 2, 'Econom', 22, 0, 'http://i.imgur.com/x5gMGzCm.jpg'),
	(237, NULL, 3, 100, 2, 'Econom', 22, 0, 'http://i.imgur.com/x5gMGzCm.jpg'),
	(238, NULL, 4, 100, 2, 'Econom', 22, 0, 'http://i.imgur.com/x5gMGzCm.jpg'),
	(239, NULL, 5, 135, 3, 'Econom', 22, 0, 'http://i.imgur.com/x5gMGzCm.jpg'),
	(240, NULL, 6, 135, 3, 'Econom', 22, 0, 'http://i.imgur.com/x5gMGzCm.jpg'),
	(241, NULL, 7, 210, 4, 'Econom', 22, 0, 'http://i.imgur.com/x5gMGzCm.jpg'),
	(242, NULL, 8, 210, 4, 'Econom', 22, 0, 'http://i.imgur.com/x5gMGzCm.jpg'),
	(243, NULL, 9, 450, 6, 'Luxury', 22, 0, 'http://i.imgur.com/x5gMGzCm.jpg'),
	(244, NULL, 10, 400, 5, 'Luxury', 22, 0, 'http://i.imgur.com/x5gMGzCm.jpg'),
	(245, NULL, 1, 100, 2, 'Econom', 23, 0, 'http://i.imgur.com/x5gMGzCm.jpg'),
	(246, NULL, 2, 100, 2, 'Econom', 23, 0, 'http://i.imgur.com/x5gMGzCm.jpg'),
	(247, NULL, 3, 100, 2, 'Econom', 23, 0, 'http://i.imgur.com/x5gMGzCm.jpg'),
	(248, NULL, 4, 100, 2, 'Econom', 23, 0, 'http://i.imgur.com/x5gMGzCm.jpg'),
	(249, NULL, 5, 135, 3, 'Econom', 23, 0, 'http://i.imgur.com/x5gMGzCm.jpg'),
	(250, NULL, 6, 135, 3, 'Econom', 23, 0, 'http://i.imgur.com/x5gMGzCm.jpg'),
	(251, NULL, 7, 210, 4, 'Econom', 23, 0, 'http://i.imgur.com/x5gMGzCm.jpg'),
	(252, NULL, 8, 210, 4, 'Econom', 23, 0, 'http://i.imgur.com/x5gMGzCm.jpg'),
	(253, NULL, 9, 450, 6, 'Luxury', 23, 0, 'http://i.imgur.com/x5gMGzCm.jpg'),
	(254, NULL, 10, 400, 5, 'Luxury', 23, 0, 'http://i.imgur.com/x5gMGzCm.jpg'),
	(255, NULL, 1, 100, 2, 'Econom', 24, 0, 'http://i.imgur.com/x5gMGzCm.jpg'),
	(256, NULL, 2, 100, 2, 'Econom', 24, 0, 'http://i.imgur.com/x5gMGzCm.jpg'),
	(257, NULL, 3, 100, 2, 'Econom', 24, 0, 'http://i.imgur.com/x5gMGzCm.jpg'),
	(258, NULL, 4, 100, 2, 'Econom', 24, 0, 'http://i.imgur.com/x5gMGzCm.jpg'),
	(259, NULL, 5, 135, 3, 'Econom', 24, 0, 'http://i.imgur.com/x5gMGzCm.jpg'),
	(260, NULL, 6, 135, 3, 'Econom', 24, 0, 'http://i.imgur.com/x5gMGzCm.jpg'),
	(261, NULL, 7, 210, 4, 'Econom', 24, 0, 'http://i.imgur.com/x5gMGzCm.jpg'),
	(262, NULL, 8, 210, 4, 'Econom', 24, 0, 'http://i.imgur.com/x5gMGzCm.jpg'),
	(263, NULL, 9, 450, 6, 'Luxury', 24, 0, 'http://i.imgur.com/x5gMGzCm.jpg'),
	(264, NULL, 10, 400, 5, 'Luxury', 24, 0, 'http://i.imgur.com/x5gMGzCm.jpg'),
	(265, NULL, 1, 100, 2, 'Econom', 25, 0, 'http://i.imgur.com/x5gMGzCm.jpg'),
	(266, NULL, 2, 100, 2, 'Econom', 25, 0, 'http://i.imgur.com/x5gMGzCm.jpg'),
	(267, NULL, 3, 100, 2, 'Econom', 25, 0, 'http://i.imgur.com/x5gMGzCm.jpg'),
	(268, NULL, 4, 100, 2, 'Econom', 25, 0, 'http://i.imgur.com/x5gMGzCm.jpg'),
	(269, NULL, 5, 135, 3, 'Econom', 25, 0, 'http://i.imgur.com/x5gMGzCm.jpg'),
	(270, NULL, 6, 135, 3, 'Econom', 25, 0, 'http://i.imgur.com/x5gMGzCm.jpg'),
	(271, NULL, 7, 210, 4, 'Econom', 25, 0, 'http://i.imgur.com/x5gMGzCm.jpg'),
	(272, NULL, 8, 210, 4, 'Econom', 25, 0, 'http://i.imgur.com/x5gMGzCm.jpg'),
	(273, NULL, 9, 450, 6, 'Luxury', 25, 0, 'http://i.imgur.com/x5gMGzCm.jpg'),
	(274, NULL, 10, 400, 5, 'Luxury', 25, 0, 'http://i.imgur.com/x5gMGzCm.jpg'),
	(275, NULL, 1, 100, 2, 'Econom', 26, 0, 'http://i.imgur.com/x5gMGzCm.jpg'),
	(276, NULL, 2, 100, 2, 'Econom', 26, 0, 'http://i.imgur.com/x5gMGzCm.jpg'),
	(277, NULL, 3, 100, 2, 'Econom', 26, 0, 'http://i.imgur.com/x5gMGzCm.jpg'),
	(278, NULL, 4, 100, 2, 'Econom', 26, 0, 'http://i.imgur.com/x5gMGzCm.jpg'),
	(279, NULL, 5, 135, 3, 'Econom', 26, 0, 'http://i.imgur.com/x5gMGzCm.jpg'),
	(280, NULL, 6, 135, 3, 'Econom', 26, 0, 'http://i.imgur.com/x5gMGzCm.jpg'),
	(281, NULL, 7, 210, 4, 'Econom', 26, 0, 'http://i.imgur.com/x5gMGzCm.jpg'),
	(282, NULL, 8, 210, 4, 'Econom', 26, 0, 'http://i.imgur.com/x5gMGzCm.jpg'),
	(283, NULL, 9, 450, 6, 'Luxury', 26, 0, 'http://i.imgur.com/x5gMGzCm.jpg'),
	(284, NULL, 10, 400, 5, 'Luxury', 26, 0, 'http://i.imgur.com/x5gMGzCm.jpg'),
	(285, NULL, 1, 100, 2, 'Econom', 27, 0, 'http://i.imgur.com/x5gMGzCm.jpg'),
	(286, NULL, 2, 100, 2, 'Econom', 27, 0, 'http://i.imgur.com/x5gMGzCm.jpg'),
	(287, NULL, 3, 100, 2, 'Econom', 27, 0, 'http://i.imgur.com/x5gMGzCm.jpg'),
	(288, NULL, 4, 100, 2, 'Econom', 27, 0, 'http://i.imgur.com/x5gMGzCm.jpg'),
	(289, NULL, 5, 135, 3, 'Econom', 27, 0, 'http://i.imgur.com/x5gMGzCm.jpg'),
	(290, NULL, 6, 135, 3, 'Econom', 27, 0, 'http://i.imgur.com/x5gMGzCm.jpg'),
	(291, NULL, 7, 210, 4, 'Econom', 27, 0, 'http://i.imgur.com/x5gMGzCm.jpg'),
	(292, NULL, 8, 210, 4, 'Econom', 27, 0, 'http://i.imgur.com/x5gMGzCm.jpg'),
	(293, NULL, 9, 450, 6, 'Luxury', 27, 0, 'http://i.imgur.com/x5gMGzCm.jpg'),
	(294, NULL, 10, 400, 5, 'Luxury', 27, 0, 'http://i.imgur.com/x5gMGzCm.jpg'),
	(295, 'zxczxc', 4, 86, 2, 'Econom', 1, 0, 'http://i.imgur.com/x5gMGzCm.jpg'),
	(296, 'zxczxc', 13, 333, 2, 'Luxury', 1, 0, 'http://i.imgur.com/Lg9A221m.jpg'),
	(297, 'zxcccc', 16, 444, 2, 'Luxury', 1, 0, 'http://i.imgur.com/0FtJsVsm.jpg'),
	(298, 'asd', 25, 333, 3, 'Luxury', 1, 0, 'http://i.imgur.com/gDkss0Qm.jpg'),
	(299, '33', 21, 333, 2, 'Luxury', 1, 0, 'http://i.imgur.com/x5gMGzCm.jpg'),
	(300, 'sad', 23, 8, 2, 'Econom', 1, 0, 'http://i.imgur.com/x5gMGzCm.jpg'),
	(301, '', 44, 111, 2, 'Econom', 1, 0, 'http://i.imgur.com/x5gMGzCm.jpg'),
	(302, 'asda', 212, 0, 3, 'Econom', 1, 0, 'http://i.imgur.com/x5gMGzCm.jpg'),
	(303, '', 17, 0, 1, 'Econom', 1, 0, 'http://i.imgur.com/x5gMGzCm.jpg'),
	(304, '', 18, 0, 4, 'Econom', 1, 0, 'http://i.imgur.com/x5gMGzCm.jpg'),
	(305, '', 2222, 3, 2, 'Econom', 1, 0, 'http://i.imgur.com/x5gMGzCm.jpg'),
	(306, '', 222, 3, 1, 'Econom', 1, 0, 'http://i.imgur.com/x5gMGzCm.jpg'),
	(307, 'ffff', 3234, 18, 2, 'Econom', 1, 0, 'http://i.imgur.com/x5gMGzCm.jpg'),
	(308, 'WI-FI', 1, 300, 8, 'Luxury', 64, 0, 'http://i.imgur.com/OeLCAtim.jpg'),
	(309, 'Economic room for rest', 9, 120, 3, 'Econom', 1, 0, 'http://i.imgur.com/JIhUs04m.jpg'),
	(310, '', 0, 0, 0, 'Econom', 68, 0, 'http://i.imgur.com/x5gMGzCm.jpg'),
	(311, '', 1, 111, 1, 'Econom', 68, 0, 'http://i.imgur.com/x5gMGzCm.jpg'),
	(312, 'asd', 14, 130, 1, 'Econom', 1, 0, 'http://i.imgur.com/x5gMGzCm.jpg'),
	(313, 'BEST', 11, 200, 2, 'Econom', 17, 0, 'http://i.imgur.com/AXha49fm.jpg'),
	(314, 'so so', 12, 300, 2, 'Luxury', 1, 0, 'http://i.imgur.com/qqx1GX9m.jpg'),
	(315, 'econom', 11, 60, 1, 'Econom', 12, 0, 'http://i.imgur.com/x5gMGzCm.jpg'),
	(316, '', 11, 500, 1, 'Luxury', 16, 0, 'http://i.imgur.com/x5gMGzCm.jpg'),
	(317, 'best', 11, 490, 2, 'Luxury', 2, 0, 'http://i.imgur.com/x5gMGzCm.jpg'),
	(318, 'best', 22, 490, 2, 'Luxury', 2, 0, 'http://i.imgur.com/x5gMGzCm.jpg'),
	(319, 'best', 13, 490, 2, 'Luxury', 2, 0, 'http://i.imgur.com/x5gMGzCm.jpg'),
	(320, 'econom', 14, 111, 1, 'Econom', 2, 0, 'http://i.imgur.com/x5gMGzCm.jpg'),
	(321, 'best', 7, 400, 2, 'Luxury', 3, 0, 'http://i.imgur.com/x5gMGzCm.jpg'),
	(322, 'best', 8, 400, 2, 'Luxury', 3, 0, 'http://i.imgur.com/tGM5pplm.jpg'),
	(323, 'best', 9, 400, 2, 'Luxury', 3, 0, 'http://i.imgur.com/x5gMGzCm.jpg'),
	(324, 'reg', 10, 390, 1, 'Luxury', 3, 0, 'http://i.imgur.com/x5gMGzCm.jpg'),
	(325, 'eco', 11, 111, 1, 'Econom', 3, 0, 'http://i.imgur.com/SLBWNMPm.jpg'),
	(326, 'qwe', 12, 111, 1, 'Econom', 3, 0, 'http://i.imgur.com/x5gMGzCm.jpg'),
	(327, 'best', 15, 200, 2, 'Econom', 3, 0, 'http://i.imgur.com/nubXdYym.jpg'),
	(328, '', 22, 0, 0, 'Econom', 1, 0, 'http://i.imgur.com/x5gMGzCm.jpg'),
	(329, '', 19, 0, 0, 'Econom', 1, 0, 'http://i.imgur.com/x5gMGzCm.jpg'),
	(330, '', 11, 100, 1, 'Econom', 16, 0, 'http://i.imgur.com/x5gMGzCm.jpg'),
	(331, 'good room', 1, 122, 4, 'Econom', 97, 0, 'http://i.imgur.com/ELKx4eOm.jpg'),
	(332, 'qwer', 11, 111, 2, 'Econom', 26, 0, 'http://i.imgur.com/x5gMGzCm.jpg'),
	(333, '1 Queen Bed', 1, 50, 2, 'Econom', 98, 0, 'http://i.imgur.com/fGs4JyJm.jpg'),
	(334, '', 1, 111, 1, 'econom', 99, 0, 'http://i.imgur.com/ZvUtnbhm.jpg'),
	(335, 'The BEST', 15, 599, 1, 'Luxury', 1, 0, 'http://i.imgur.com/CDTfnmFm.jpg'),
	(336, '', 1, 10, 1, 'c', 100, 0, NULL),
	(337, '', 1, 150, 2, 'c', 100, 0, NULL);
/*!40000 ALTER TABLE `room` ENABLE KEYS */;


-- Dumping structure for таблиця geekhub.user
CREATE TABLE IF NOT EXISTS `user` (
  `id` int(11) NOT NULL AUTO_INCREMENT,
  `email` varchar(255) DEFAULT NULL,
  `firstName` varchar(255) DEFAULT NULL,
  `lastName` varchar(255) DEFAULT NULL,
  `login` varchar(255) DEFAULT NULL,
  `password` varchar(255) DEFAULT NULL,
  `phone` varchar(255) DEFAULT NULL,
  `role` int(11) DEFAULT NULL,
  PRIMARY KEY (`id`),
  UNIQUE KEY `UK_e6gkqunxajvyxl5uctpl2vl2p` (`email`),
  UNIQUE KEY `UK_587tdsv8u5cvheyo9i261xhry` (`login`)
) ENGINE=InnoDB AUTO_INCREMENT=38 DEFAULT CHARSET=utf8;

-- Dumping data for table geekhub.user: ~33 rows (приблизно)
/*!40000 ALTER TABLE `user` DISABLE KEYS */;
INSERT INTO `user` (`id`, `email`, `firstName`, `lastName`, `login`, `password`, `phone`, `role`) VALUES
	(1, '2qe', 'asd', 'asd', 'admin', 'qqqqqq', 'asd', 2),
	(2, 'asd', 'axzc', 'sdf', 'zzz', 'aaaaaa', 'ds', 2),
	(3, 'famia@ukr.net', 'Valter', 'O\'Brain', 'sss', 'ssssss', '2213123232', 1),
	(4, 'cvxv', 'vvv', 'sdfdf', 'asd', 'zxc', '324', 1),
	(7, 'q@a.a', 'aaaaaaaa', 'dasd', 'asdasd', 'asdasd', 'asdasd', 2),
	(10, 'awawd', 'asd', 'asd', 'asdzxczxc', 'asdasd', 'qwe', 2),
	(11, 'q@q.q', 'aaaaaasd', 'ssad', 'asdasdasd', 'qweqweqwe', '6213232', 1),
	(12, '2@1.1', 'asd', 'asd', 'asdfffff', 'sadfasf', '6546', 1),
	(13, 'a@s', '', '', 'qqqqq', 'adasdd', '0979537430', 1),
	(14, 'ASd@asd.ad', '', '', 'qqq', 'asddds', 'zxczxc', 1),
	(15, 'famia@ukr.neta', '', '', 'asdd', 'qweeww', 'a', 1),
	(16, 'q@q.qq', '', '', 'aaaa', 'qwerty', 'a', 1),
	(17, 'q@a.aa', 'Пётр', 'Симонов', 'asds', 'asdasd', '+380979537430', 1),
	(18, 'a@s.s', 'Пётр', 'Симонов', 'ass', 'adasda', '+380979537430', 1),
	(19, 'hotelbokinggh@gmail.com', 'aaa', 'aaa', 'aaa', 'aaaaaa', '0231465123', 2),
	(20, 'famia@ukr.ne', 'owner', 'owner', 'owner', '123123', '+380979537430', 2),
	(21, 'qwer@er.ua', 'Vasya', 'Pupkin', 'Vasya', 'qqqqqq', '13245465546', 1),
	(22, 'd@d.d', 'qwe', 'qweqwe', 'qwer', 'qqqqqq', '5245645444', 1),
	(23, 'w@2.2', 'zxc', 'zxc', 'zxc', 'qweqwe', '11212121111', 1),
	(24, 's@2.2', '', '', 'zzzz', 'qweqwe', '56454654555', 1),
	(25, '1@1.11', '', '', 'asdf', 'qweqwe', '213213213212', 1),
	(26, '1@1.1', '', '', 'zxczcxv', 'zzzzzzz', '213123123123', 1),
	(27, '2@2.2', 'ammasdm', 'asdasdmm', 'mmmmm', '123123123', '123123123123', 1),
	(28, '2@2.22', 'qwewqe', 'qweqwe', 'qweqwe', 'zqweqwe', '45345345345', 1),
	(29, 'qwe@qw.w', '', '', 'qwe', '123123', '1231231233', 1),
	(30, 'qwe@we', '', '', 'asdaa', '213123', '1231231222', 1),
	(31, 'famia@ukr.net1', 'Qwerty', 'qweq', 'qww', 'qweqwe', '1232222222', 1),
	(32, 'W2@ww', 'zxczxc', 'xzczxc', 'zzxc', '123123', '1231231233', 1),
	(33, 'DDD@DFD', '', '', 'qweqqq', '123123', '1231231233', 1),
	(34, 'DDD@DDD', 'adasd', 'qweqwe', 'dddd', '123123', '2131231223', 1),
	(35, '1@11', 'zx', 'Симонов', 'sssz', '111111', '11111111111', 1),
	(36, 'famia@ukr.11', 'Пётр', 'Симонов', 'admi', 'asasdasd', '+380979537430', 1),
	(37, '2@22', 'sss', 'sss', 'sssa', '222222', '22222222222', 1);
/*!40000 ALTER TABLE `user` ENABLE KEYS */;
/*!40101 SET SQL_MODE=IFNULL(@OLD_SQL_MODE, '') */;
/*!40014 SET FOREIGN_KEY_CHECKS=IF(@OLD_FOREIGN_KEY_CHECKS IS NULL, 1, @OLD_FOREIGN_KEY_CHECKS) */;
/*!40101 SET CHARACTER_SET_CLIENT=@OLD_CHARACTER_SET_CLIENT */;
